(per-frame ground truth, 16 rows)

sample,azimuth_deg,range_m,range_from_depth_m,cloud_cover,gt_px,gt_bbox_x,gt_bbox_y,gt_bbox_w,gt_bbox_h,gt_bbox_cx,gt_bbox_cy,gt_centroid_x,gt_centroid_y,gt_aspect
sample_012,14.1,5.0623,4.9523,0.522,3946,279,204,47,105,302.5,256.5,301.5,254.51,0.448
sample_011,19.8,3.1929,3.0913,0.367,13052,228,185,101,179,278.5,274.5,276.88,270.18,0.564
sample_010,28.6,2.559,2.4681,0.489,26997,160,172,170,230,245.0,287.0,243.1,280.74,0.739
sample_002,114.0,5.7823,5.7375,0.457,7665,210,193,113,82,266.5,234.0,267.03,232.78,1.378
sample_009,172.5,4.9074,4.7521,0.159,2729,297,164,30,117,312.0,222.5,312.19,221.74,0.256
sample_004,197.8,5.4127,5.3106,0.575,3630,315,185,47,94,338.5,232.0,337.5,229.98,0.5
sample_008,206.9,5.475,5.3965,0.485,4850,315,177,65,100,347.5,227.0,346.14,225.44,0.65
sample_006,224.2,5.439,5.3814,0.225,6825,317,180,94,98,364.0,229.0,362.01,226.79,0.959
sample_013,227.6,5.4325,5.3774,0.331,7239,317,188,98,90,366.0,233.0,364.63,230.97,1.089
sample_005,230.3,2.4156,2.341,0.113,37132,312,141,223,190,423.5,236.0,418.24,228.65,1.174
sample_001,232.5,2.7862,2.7187,0.591,28753,314,139,201,178,414.5,228.0,410.1,222.13,1.129
sample_003,243.6,3.103,3.0457,0.281,25858,316,150,205,156,418.5,228.0,414.54,224.73,1.314
sample_015,319.1,4.4466,4.3856,0.151,10696,316,198,118,115,375.0,255.5,375.31,253.18,1.026
sample_007,327.8,2.5535,2.4675,0.587,29494,311,170,185,207,403.5,273.5,405.31,266.1,0.894
sample_000,338.7,2.0243,1.9054,0.536,36317,309,156,177,241,397.5,276.5,400.97,263.58,0.734
sample_014,341.1,4.1315,4.0354,0.216,7364,314,197,73,133,350.5,263.5,350.63,260.3,0.549