(the full scoring table; every number in the previous message is
re-derivable from this file)

sample,azimuth_deg,range_m,range_from_depth_m,cloud_cover,gt_px,gt_bbox_x,gt_bbox_y,gt_bbox_w,gt_bbox_h,gt_bbox_cx,gt_bbox_cy,gt_centroid_x,gt_centroid_y,gt_aspect,red_mask_px,n_candidates,detected,det_cx,det_cy,det_area,det_w,det_h,det_aspect,det_extent,det_solidity,stateful_detected,stateful_locked,err_cx_px,err_cy_px,err_centroid_px,area_ratio_det_over_gt,bbox_iou
sample_012,14.1,5.0623,4.9523,0.522,3946,279,204,47,105,302.5,256.5,301.5,254.51,0.448,2744,0,False,,,,,,,,,False,False,,,,,
sample_011,19.8,3.1929,3.0913,0.367,13052,228,185,101,179,278.5,274.5,276.88,270.18,0.564,12090,0,False,,,,,,,,,False,False,,,,,
sample_010,28.6,2.559,2.4681,0.489,26997,160,172,170,230,245.0,287.0,243.1,280.74,0.739,25083,0,False,,,,,,,,,False,False,,,,,
sample_002,114.0,5.7823,5.7375,0.457,7665,210,193,113,82,266.5,234.0,267.03,232.78,1.378,6566,1,True,266.0,236.0,6392.5,110.0,73.0,1.507,0.796,0.946,True,False,-0.5,2.0,2.06,0.834,0.8666
sample_009,172.5,4.9074,4.7521,0.159,2729,297,164,30,117,312.0,222.5,312.19,221.74,0.256,2615,0,False,,,,,,,,,False,False,,,,,
sample_004,197.8,5.4127,5.3106,0.575,3630,315,185,47,94,338.5,232.0,337.5,229.98,0.5,857,0,False,,,,,,,,,False,False,,,,,
sample_008,206.9,5.475,5.3965,0.485,4850,315,177,65,100,347.5,227.0,346.14,225.44,0.65,4707,0,False,,,,,,,,,False,False,,,,,
sample_006,224.2,5.439,5.3814,0.225,6825,317,180,94,98,364.0,229.0,362.01,226.79,0.959,6715,1,True,362.0,228.0,6554.0,93.0,95.0,0.979,0.742,0.984,True,False,-2.0,-1.0,2.24,0.9603,0.9391
sample_013,227.6,5.4325,5.3774,0.331,7239,317,188,98,90,366.0,233.0,364.63,230.97,1.089,5411,1,True,365.0,232.0,5239.5,98.0,89.0,1.101,0.601,0.881,True,False,-1.0,-1.0,1.41,0.7238,0.969
sample_005,230.3,2.4156,2.341,0.113,37132,312,141,223,190,423.5,236.0,418.24,228.65,1.174,36151,1,True,422.0,235.0,35771.5,221.0,189.0,1.169,0.856,0.989,True,False,-1.5,-1.0,1.8,0.9634,0.9858
sample_001,232.5,2.7862,2.7187,0.591,28753,314,139,201,178,414.5,228.0,410.1,222.13,1.129,28472,1,True,413.0,227.0,28136.0,201.0,176.0,1.142,0.795,0.99,True,False,-1.5,-1.0,1.8,0.9785,0.979
sample_003,243.6,3.103,3.0457,0.281,25858,316,150,205,156,418.5,228.0,414.54,224.73,1.314,24138,1,True,418.0,229.0,23818.0,204.0,151.0,1.351,0.773,0.974,True,True,-0.5,1.0,1.12,0.9211,0.9632
sample_015,319.1,4.4466,4.3856,0.151,10696,316,198,118,115,375.0,255.5,375.31,253.18,1.026,9689,1,True,369.0,255.0,9494.5,109.0,112.0,0.973,0.778,0.984,True,True,-6.0,-0.5,6.02,0.8877,0.8841
sample_007,327.8,2.5535,2.4675,0.587,29494,311,170,185,207,403.5,273.5,405.31,266.1,0.894,21700,1,True,393.0,268.0,21375.5,165.0,190.0,0.868,0.682,0.936,True,True,-10.5,-5.5,11.85,0.7247,0.8186
sample_000,338.7,2.0243,1.9054,0.536,36317,309,156,177,241,397.5,276.5,400.97,263.58,0.734,36061,0,False,,,,,,,,,False,True,,,,,
sample_014,341.1,4.1315,4.0354,0.216,7364,314,197,73,133,350.5,263.5,350.63,260.3,0.549,7196,0,False,,,,,,,,,False,True,,,,,