(which gate rejected which frame, measured value beside your own threshold)

sample,azimuth_deg,range_m,gt_px,gt_w,gt_h,gt_aspect,blob_px,blob_w,blob_h,blob_aspect,blob_extent,blob_solidity,first_failing_gate,measured,threshold,accepted
sample_012,14.1,5.062,3946,47,105,0.448,2631,39,97,0.402,0.695,0.924,min_aspect_ratio,0.402,0.8,False
sample_011,19.8,3.193,13052,101,179,0.564,11872,100,176,0.568,0.675,0.955,min_aspect_ratio,0.568,0.8,False
sample_010,28.6,2.559,26997,170,230,0.739,24773,169,225,0.751,0.652,0.962,min_aspect_ratio,0.751,0.8,False
sample_002,114.0,5.782,7665,113,82,1.378,6392,110,73,1.507,0.796,0.946,(accepted),,,True
sample_009,172.5,4.907,2729,30,117,0.256,2487,29,116,0.25,0.739,0.971,min_area,2487.5,2500.0,False
sample_004,197.8,5.413,3630,47,94,0.5,769,11,79,0.139,0.886,0.995,min_area,769.5,2500.0,False
sample_008,206.9,5.475,4850,65,100,0.65,4575,64,99,0.646,0.722,0.984,min_aspect_ratio,0.646,0.8,False
sample_006,224.2,5.439,6825,94,98,0.959,6554,93,95,0.979,0.742,0.984,(accepted),,,True
sample_013,227.6,5.432,7239,98,90,1.089,5239,98,89,1.101,0.601,0.881,(accepted),,,True
sample_005,230.3,2.416,37132,223,190,1.174,35771,221,189,1.169,0.856,0.989,(accepted),,,True
sample_001,232.5,2.786,28753,201,178,1.129,28136,201,176,1.142,0.795,0.99,(accepted),,,True
sample_003,243.6,3.103,25858,205,156,1.314,23818,204,151,1.351,0.773,0.974,(accepted),,,True
sample_015,319.1,4.447,10696,118,115,1.026,9494,109,112,0.973,0.778,0.984,(accepted),,,True
sample_007,327.8,2.553,29494,185,207,0.894,21375,165,190,0.868,0.682,0.936,(accepted),,,True
sample_000,338.7,2.024,36317,177,241,0.734,35692,177,240,0.738,0.84,0.992,min_aspect_ratio,0.738,0.8,False
sample_014,341.1,4.132,7364,73,133,0.549,7033,72,131,0.55,0.746,0.988,min_aspect_ratio,0.55,0.8,False